,scenario_id,roaduser_id,startx_axis,starty_axis,endx_axis,endy_axis,speed,max_speed,numberofcycle,start_cycle,user_type,strategy
0,1,p1,50.131,40.6929,55.57954359094247,25.06397924247511,0.8219144724361532,1.1777978871359875,25.0,1.0,1,1
1,1,p2,48.6175,40.335,54.10254201084355,19.761452978960598,1.5310330630002738,1.6213040476059093,29.0,9.0,1,0
2,1,v17,69.7595,47.3129,24.003371994230402,20.60560265023208,1.9509999999999998,2.961000499238561,38.0,1.0,2,1
3,1,p55,53.1437,30.4864,46.48441364458887,46.02482949471336,0.9400120531142141,1.2355396476850153,21.0,2.0,1,0
4,1,p83,64.5442,36.4588,57.54844340060684,50.25675413178724,0.6819681664124799,0.9524026457892188,26.0,1.0,1,1
5,1,p84,65.2087,36.0438,58.27459264646763,50.733885133629315,0.6973640799467664,0.9748615802555008,26.0,1.0,1,1
6,1,p85,64.5348,35.3247,57.35657611138861,50.00433931807459,1.0879830881038548,0.9946427573413136,29.0,3.0,1,1
7,2,v22,83.1455,54.9883,23.444658017941556,20.440900721733673,1.4122,3.4638987195379567,86.0,44.0,2,1
8,2,p91,69.717,38.9688,53.73006667008746,47.386111823291664,1.1164041248580194,1.1109524111339537,80.0,52.0,1,1
9,2,p92,71.0087,39.1994,54.57720455798389,47.95271981824074,1.1005086324059434,1.1957874611905885,81.0,54.0,1,1
10,2,p93,70.3299,39.8687,55.16740315373068,48.337948652890105,0.8699513204771863,1.2243309186093903,81.0,56.0,1,1
11,3,v23,69.9732,46.7593,19.864479357722352,17.748700018526527,2.1252,3.0766741338175367,125.0,83.0,2,1
12,3,p94,65.5427,35.8089,56.078655804071154,49.6580605642969,1.1486699961259543,1.1843072091720634,94.0,74.0,1,0
13,3,p95,66.124,35.5369,55.89733568524122,49.02641803749843,1.1599554517307982,1.1445549924025533,95.0,74.0,1,0
14,3,p96,66.6975,35.6573,55.66900443596329,49.04509051029125,1.2359481097521854,1.142361451448929,96.0,74.0,1,0
15,3,p133,58.0206,43.4255,68.4200684836871,32.84127474504424,0.5663003619988248,1.041211498132481,118.0,80.0,1,1
16,3,p134,57.5141,42.9191,66.23565356781319,32.143502395304466,0.24268601113372812,1.1812809031571756,123.0,82.0,1,1
17,4,v23,69.9732,46.7593,19.864479357722352,17.748700018526527,2.1252,3.0766741338175367,125.0,83.0,2,1
18,4,p136,57.6834,43.1069,70.23490392371708,34.099381434928496,0.47292919131726263,0.9618194015377174,121.0,95.0,1,1
19,5,p4,51.114,40.5523,54.16753578538529,20.772234471987524,1.1909373829047436,1.4819582541586538,139.0,119.0,1,0
20,5,p5,48.4531,40.6397,50.888530399003805,22.172420560913075,0.9431356742272026,1.3078986987397698,142.0,120.0,1,1
21,5,p6,50.0058,41.426,51.91000571584625,20.629228384333523,1.0218082109672049,1.3114773007123315,144.0,120.0,1,0
22,5,p7,50.0225,41.3645,59.73964801576123,30.435823537224564,1.0723044810127391,1.343517699450373,139.0,125.0,1,0
23,5,p8,49.9837,40.425,59.50131865698195,30.333081375429295,1.0553680163810157,1.327851446253869,139.0,126.0,1,0
24,5,v25,70.3851,47.1027,21.974851356734256,19.383616779816435,2.5967,2.7486233109461318,165.0,118.0,2,1
25,6,v25,70.3851,47.1027,21.974851356734256,19.383616779816435,2.5967,2.7486233109461318,165.0,118.0,2,1
26,6,p57,54.1913,29.705,47.30152393193268,45.81230399696724,0.8524375930236769,0.9948284873752974,159.0,132.0,1,1
27,6,p58,53.5402,28.9162,46.743237570229496,44.79613916219682,1.1535969226727334,0.9545860906531184,158.0,131.0,1,1
28,7,p11,42.4714,37.4477,42.09788625470058,16.037260681600564,1.2191346849302582,1.1483844701643189,187.0,145.0,1,1
29,7,v25,70.3851,47.1027,21.974851356734256,19.383616779816435,2.5967,2.7486233109461318,165.0,118.0,2,1
30,8,v6,19.8304,8.9609,86.24526592218501,55.07142381852968,7.8287,4.886051196940275,302.0,259.0,2,1
31,8,p23,48.3348,39.8961,55.30177110591434,21.510843653612216,1.4204265732518524,1.396655503339498,284.0,263.0,1,0
32,8,p24,47.6451,40.0983,54.328507139158766,21.004862476459117,1.37505791150773,1.44054621750265,284.0,263.0,1,0
33,8,p61,53.6658,28.4073,51.58821737082432,45.61334404318204,1.5692024598502259,1.3945670915928907,289.0,271.0,1,0
34,9,v28,83.10600000000001,54.6472,25.00045687502613,21.893125480141205,3.3187,2.884718312824325,376.0,322.0,2,1
35,9,v29,84.2924,55.1544,26.942186732537834,22.55770272085766,3.1918,2.8703975071867642,381.0,326.0,2,1
36,9,p112,63.8124,35.3201,56.44175240615489,49.71704274713019,0.5066727247444843,1.0606757574377697,369.0,326.0,1,1
37,9,p113,62.997,34.8917,58.70302526054972,48.819680243360665,0.834280678189301,0.9514323835588201,361.0,324.0,1,1
38,9,p114,79.7132,46.6176,61.098999909655106,50.268822393466394,1.9141847141799038,1.468555596564397,351.0,330.0,1,0
39,10,v31,82.7321,54.39,23.506137153770744,20.589264282921043,2.5055,2.3750564022278557,406.0,333.0,2,1
40,10,p150,65.2913,48.8936,67.44299779128711,31.615626661344734,1.040306709581362,1.244479756198301,423.0,356.0,1,1
41,10,p151,65.9065,47.9347,68.38170645623859,32.137871869252216,0.6044769639944934,1.2888774487312358,422.0,358.0,1,1
42,11,v31,82.7321,54.39,23.506137153770744,20.589264282921043,2.5055,2.3750564022278557,406.0,333.0,2,1
43,11,p115,70.77600000000001,40.3887,52.52887318603632,44.674720915292205,1.2784070165639736,1.0790128514274615,388.0,357.0,1,0
44,11,p116,62.9703,35.0795,59.32495317577524,52.944551564008826,1.154263821662968,1.1383216388093536,388.0,364.0,1,0
45,11,p117,63.652,34.5279,59.49627501048595,51.458153665358125,1.1166703587003641,1.0994952842836685,386.0,363.0,1,0
46,11,p152,61.6426,44.8628,72.70924512635219,35.71398468204102,0.0021095023109728986,1.0325136949142417,399.0,372.0,1,1
47,11,p153,60.9805,44.3899,71.62740066553951,34.4453424649233,0.004924428900898052,1.0258879447805804,398.0,369.0,1,1
48,12,v33,82.5171,54.5736,23.406821822173164,20.148705088100563,1.7865,2.301918784027988,445.0,374.0,2,1
49,12,v34,85.4252,56.4249,23.4562252042237,20.36801714005049,1.1322,2.4489787812312374,449.0,377.0,2,1
50,12,p118,69.1265,38.6776,63.27316552071046,54.20553157594836,0.5435437148932917,1.7876319415337416,416.0,391.0,1,1
51,12,p154,65.9866,50.0088,70.74176701076068,33.004537049180904,0.6665443196067311,1.1022835317358661,423.0,396.0,1,1
52,12,p155,66.9933,49.4688,71.73939787000441,33.897736638698234,0.6567704012819092,1.4477341806746895,421.0,398.0,1,1
53,13,v10,24.8033,13.3007,89.49040277416026,57.339398403977924,4.6513,2.9390518605306086,451.0,383.0,2,1
54,13,p119,63.358000000000004,34.9801,54.800922984020055,49.48029096205076,1.0308475396488075,1.189924380547218,441.0,421.0,1,0
55,13,p120,63.6965,35.1697,56.77582457295469,50.27723564792739,0.9304697415821752,1.3498779546435382,438.0,421.0,1,0
56,13,p156,57.8088,43.9823,61.08277573899334,30.478067802091022,0.7930165319840438,1.6553732970543962,423.0,412.0,1,1
57,13,p157,57.5876,43.4424,60.79817963977963,31.0972681757339,0.8920466467623764,1.5930855998275373,422.0,413.0,1,0
58,14,v34,85.4252,56.4249,23.4562252042237,20.36801714005049,1.1322,2.4489787812312374,449.0,377.0,2,1
59,14,p119,63.358000000000004,34.9801,54.800922984020055,49.48029096205076,1.0308475396488075,1.189924380547218,441.0,421.0,1,0
60,14,p120,63.6965,35.1697,56.77582457295469,50.27723564792739,0.9304697415821752,1.3498779546435382,438.0,421.0,1,0
61,15,v13,23.0007,11.9847,87.96416894882802,56.621439320368914,2.3813,1.9727189348308178,504.0,406.0,2,1
62,15,p63,52.9339,27.1918,45.89984050147194,45.53470842646021,1.3996078379317545,1.116936789659443,471.0,442.0,1,1
63,16,v13,23.0007,11.9847,87.96416894882802,56.621439320368914,2.3813,1.9727189348308178,504.0,406.0,2,1
64,16,v14,20.0139,9.3017,84.75624926837686,52.55100032425384,4.2232,2.5422551726007994,520.0,436.0,2,1
65,16,p41,50.0263,40.5485,55.69539898284433,22.290897516673343,1.0736705360584315,1.6105378629792773,464.0,447.0,1,0
66,16,p42,46.8612,39.9235,50.60619603997684,21.14506045871904,1.1785238436281211,1.3519458682043208,466.0,445.0,1,0
67,16,p43,50.0413,41.3907,54.69337996560287,23.32364054999618,1.1684412907801573,1.4952766449492876,468.0,450.0,1,0
68,16,p44,48.4323,41.0425,56.375476342566586,21.512935826722632,0.6288086592915209,1.305311049191778,476.0,450.0,1,1
69,16,p45,48.2349,40.5071,55.93008928166037,21.733985871065617,0.6168415112490404,1.1668963493465574,478.0,449.0,1,1
70,16,p64,54.5846,28.8669,51.68046231427081,45.19938213370674,1.6879988921797313,1.5661945233970247,481.0,466.0,1,0
71,17,v14,20.0139,9.3017,84.75624926837686,52.55100032425384,4.2232,2.5422551726007994,520.0,436.0,2,1
72,17,p66,54.1942,28.9128,47.74455345223945,46.26006377617945,1.0623012049320097,1.4675330527727841,506.0,475.0,1,1
73,18,v36,80.9718,54.0113,24.79517985326854,20.717355995334685,7.2001,4.5172622990160445,499.0,461.0,2,1
74,18,p121,64.4647,36.6719,58.178945058383114,51.68088484336975,1.40148334631561,1.4709951202400897,478.0,459.0,1,1
75,19,v37,83.6317,55.413999999999994,26.147245204520303,21.589961767389493,3.7015,2.800071702765948,530.0,472.0,2,1
76,19,p66,54.1942,28.9128,47.74455345223945,46.26006377617945,1.0623012049320097,1.4675330527727841,506.0,475.0,1,1
77,20,v37,83.6317,55.413999999999994,26.147245204520303,21.589961767389493,3.7015,2.800071702765948,530.0,472.0,2,1
78,20,p46,47.6631,39.356,51.73810943534627,19.9180807023362,0.39808152431380184,1.5508747623041625,525.0,500.0,1,1
79,20,p47,48.4422,40.1174,52.73448335058648,20.277763135606044,0.7189353030697546,1.4412012655888198,527.0,500.0,1,1
80,20,p48,48.3645,40.973,58.0244474192666,25.417378482944557,0.7693077992585283,1.1895539251755738,528.0,505.0,1,1
81,20,p67,54.7676,30.4849,51.83907057593758,45.15323333961426,0.47165550987982746,1.095559846400192,517.0,489.0,1,1
82,20,p68,54.9375,29.7782,50.33473821471984,45.55100692978955,1.2484275709867994,1.1677338299637918,517.0,496.0,1,0
83,21,v38,82.337,54.6739,24.859141826833948,20.972907328674864,3.7469,3.4030131423777057,557.0,515.0,2,1
84,21,p160,61.9501,45.3412,69.24495533567749,30.478709475564976,0.1487231320272674,1.6622585980159015,549.0,517.0,1,1
85,22,v38,82.337,54.6739,24.859141826833948,20.972907328674864,3.7469,3.4030131423777057,557.0,515.0,2,1
86,22,p122,68.3845,38.0029,54.12831640721856,47.59362353419162,1.2119786961824042,1.135782183162222,537.0,514.0,1,0
87,23,v38,82.337,54.6739,24.859141826833948,20.972907328674864,3.7469,3.4030131423777057,557.0,515.0,2,1
88,23,p49,48.1618,40.4662,51.67157289004532,20.14494762150757,0.7824356075741953,1.073720583434871,559.0,526.0,1,1
89,23,p50,47.2283,40.1491,50.970011177327294,19.324103946814404,0.7502487654105137,1.2305759165144843,558.0,526.0,1,1
90,24,v38,82.337,54.6739,24.859141826833948,20.972907328674864,3.7469,3.4030131423777057,557.0,515.0,2,1
91,24,p70,53.8197,26.575,47.72067479993913,45.58978061508509,0.9926541442012923,0.8983346774789593,568.0,531.0,1,1
92,24,p71,54.0745,26.9216,48.98119002478695,44.717289381318025,1.0479167237905882,0.9266940660229693,564.0,531.0,1,1
93,25,v15,20.4509,10.8072,88.783530643999,55.711384494504685,6.5255,4.58133217432574,579.0,536.0,2,1
94,25,p49,48.1618,40.4662,51.67157289004532,20.14494762150757,0.7824356075741953,1.073720583434871,559.0,526.0,1,1
95,25,p50,47.2283,40.1491,50.970011177327294,19.324103946814404,0.7502487654105137,1.2305759165144843,558.0,526.0,1,1
96,26,v39,83.715,55.1793,25.399882370526957,21.47033344130499,4.1173,3.0498785064312237,575.0,522.0,2,1
97,26,p161,73.1231,53.0881,65.94190336426905,32.0585771391426,1.424017935280311,1.4505523431357394,552.0,527.0,1,0
98,26,p162,66.9526,49.2798,67.41347559605744,30.48580270348666,1.1254004442863883,1.340239325223462,553.0,531.0,1,1
99,26,p163,66.7164,50.1,66.95574679742889,29.520138116437394,1.2989584327452515,1.3033611347913696,555.0,530.0,1,0
100,27,v16,20.0471,9.5835,88.3451911896501,55.01098633278558,4.1595,3.681532609680025,589.0,539.0,2,1
101,27,p51,50.2499,39.9201,54.14098456539054,20.015685458581235,1.1081762540318216,1.381326122163837,575.0,553.0,1,0
102,27,p52,49.3001,41.1421,52.81701913657538,20.854274722041605,1.063617811998276,1.3458856727865876,573.0,550.0,1,0
103,28,v40,36.5612,23.3585,81.79755510441906,50.29470682728359,0.1431,1.725115698949378,652.0,582.0,2,1
104,28,p53,47.0862,39.8887,46.285899660596684,17.15409505087421,0.8214692021007238,1.1080356103109184,601.0,567.0,1,1
105,28,p54,46.1625,40.1041,45.10018837282082,18.281713823657995,0.834124049527407,1.1124912807759282,600.0,567.0,1,1
106,29,v41,27.0653,15.7423,81.31146369942263,50.87639010041027,1.9681,2.4250643666297664,658.0,599.0,2,1
107,29,p225,41.1,20.4288,24.019729549154707,29.72778764499125,0.6036998012257416,1.066317929947084,632.0,600.0,1,1
108,29,p226,38.6972,19.3151,20.62208563934915,26.666152944205184,1.4623909361042964,1.1826799145315745,631.0,603.0,1,0
109,30,v68,82.7697,54.2524,17.843261332842065,15.759612437509116,1.2321,2.365795782134314,692.0,624.0,2,1
110,30,p228,31.0093,13.5491,28.484870058546566,32.89898457307395,2.128193752927585,1.5990508837138386,689.0,668.0,1,0
111,31,v69,76.0399,50.5382,19.534590877869874,17.294924066084633,1.9586,2.7894864741852636,696.0,647.0,2,1
112,31,p177,42.4915,36.3709,41.78527483305043,12.87595726960511,1.1252204628427267,1.4453512136641222,707.0,673.0,1,1
113,32,v45,23.7083,12.2298,83.98845486046022,52.03330806274851,2.3077,2.0927612571116976,757.0,677.0,2,1
114,32,p183,50.2952,41.281000000000006,59.37064470126563,31.274577625229686,1.1714365753210885,1.6295201715332788,717.0,707.0,1,0
115,32,p184,50.9446,41.0721,60.00009491740571,32.04353494580451,1.1324757392544886,1.6466631053187157,717.0,708.0,1,0
116,33,v49,21.9602,11.2644,83.93279714469384,53.22959703629199,3.8266,2.984524148018826,806.0,749.0,2,1
117,33,p188,44.6879,38.0463,50.48836461118419,20.554331802442857,1.6238268934834155,1.610973872987448,774.0,750.0,1,1
118,34,v51,31.0745,17.8331,81.01370333204227,50.59622779912938,4.2919,1.981082100746606,847.0,763.0,2,1
119,34,p189,48.6171,40.7565,56.888843276543014,24.937271947374008,0.9924755412603375,1.0978703205266556,794.0,750.0,1,1
120,34,p191,48.5421,40.0582,57.927239078265174,26.10409053479223,1.1982804346228808,1.2208681768066105,792.0,770.0,1,1
121,34,p192,50.6303,40.8018,59.46353626969031,30.71161579872428,1.4893491531538197,1.5539701253496798,790.0,779.0,1,0
122,35,v51,31.0745,17.8331,81.01370333204227,50.59622779912938,4.2919,1.981082100746606,847.0,763.0,2,1
123,35,p193,52.227,40.5194,58.524333983275035,30.523871202065223,0.6796131325982451,0.9524519291676903,804.0,785.0,1,1
124,35,p194,49.2882,40.29,56.740580632826486,25.318479280713763,1.4797378044775367,1.5787244026499985,808.0,793.0,1,0
125,36,v73,79.2738,52.661,22.848570299205672,19.56734719446181,3.6334,3.364541485294413,816.0,770.0,2,1
126,36,p193,52.227,40.5194,58.524333983275035,30.523871202065223,0.6796131325982451,0.9524519291676903,804.0,785.0,1,1
127,37,v74,74.7195,49.9122,18.310204723145183,16.300317557958817,3.1458,3.025631461998358,833.0,781.0,2,1
128,37,p197,49.7677,40.8681,57.452691932374144,24.63736045220525,1.059816531292091,1.337560825907975,827.0,805.0,1,1
129,38,v74,74.7195,49.9122,18.310204723145183,16.300317557958817,3.1458,3.025631461998358,833.0,781.0,2,1
130,38,v75,75.0729,50.4249,18.318615530895446,16.12407103113928,2.9053,3.3438692252402715,836.0,786.0,2,1
131,38,p292,68.05199999999999,36.3402,66.9405346969003,54.88924798058303,1.2043197997209878,1.2016398973937763,809.0,785.0,1,1
132,38,p325,64.9798,47.5904,76.04371510070543,36.50445078751527,0.5356182409141794,0.9207930344771446,838.0,797.0,1,1
133,39,v74,74.7195,49.9122,18.310204723145183,16.300317557958817,3.1458,3.025631461998358,833.0,781.0,2,1
134,39,p197,49.7677,40.8681,57.452691932374144,24.63736045220525,1.059816531292091,1.337560825907975,827.0,805.0,1,1
135,40,v77,73.1779,48.3516,20.728703989151906,18.49793518483313,3.9283,3.6571686791739104,865.0,828.0,2,1
136,40,p199,49.354,40.809,57.618091734499025,25.191812180478745,0.5334155040866361,1.113358652191574,861.0,832.0,1,1
137,40,p233,55.8044,35.6578,49.20874139668015,45.01310233381026,0.7196347128925897,1.4393488766045126,847.0,836.0,1,1
138,41,v52,25.2047,13.9547,84.6697240129703,52.61609411268956,4.7329,3.8117167590538683,899.0,854.0,2,1
139,41,p200,48.5306,40.7833,57.7188393730358,24.669826496218235,0.88734607115826,1.1179882268356933,880.0,856.0,1,0
140,41,p201,43.0505,37.8556,61.12034724036727,32.756086245845154,1.044710725512091,1.2947222568791215,880.0,859.0,1,0
141,41,p202,48.7782,40.1929,57.9415388012712,25.665824149547248,1.1571931774772959,1.1308191949432171,894.0,867.0,1,1
142,42,v301,37.4384,21.8351,91.89557355626407,56.490630703989815,0.4321,2.752431671600109,942.0,894.0,2,1
143,42,p329,56.7425,40.3827,69.52131596704325,33.61308383852227,1.1035641168504893,0.8886881819063983,925.0,902.0,1,1
144,42,p330,56.7281,39.5448,69.37640663374195,34.36793383187529,0.7420330181332903,0.829116049601627,929.0,906.0,1,1
145,43,v53,32.1812,20.2009,83.64706681744289,51.77536847427723,4.9618,3.824219458322752,954.0,917.0,2,1
146,43,p205,47.1471,38.9338,50.52114151220664,20.15359143030973,0.7397172703134625,1.4026840160383574,933.0,904.0,1,1
147,43,p206,45.2708,39.0135,50.590154733407296,20.65850281088305,1.104420141974964,1.2349048387182753,934.0,908.0,1,1
148,44,v55,28.0763,16.3689,85.8020826713691,53.08913052072294,3.1824,3.8591260303631136,964.0,929.0,2,1
149,44,p209,43.078,34.2278,37.17808606021605,14.260136052560519,0.5797047869390074,1.489822495552044,953.0,896.0,1,1
150,44,p210,41.1108,33.9436,37.25187823532026,14.355086089389914,0.26026803491785155,1.3852736418917124,958.0,910.0,1,1
151,45,v55,28.0763,16.3689,85.8020826713691,53.08913052072294,3.1824,3.8591260303631136,964.0,929.0,2,1
152,45,p301,72.8619,40.7949,62.55448189122268,52.980233200406566,0.44413350470325924,0.9529330488404757,979.0,945.0,1,1
153,46,v84,71.0383,48.0915,25.772400750375724,21.491618239952224,0.2144,1.9426590637147885,1023.0,960.0,2,1
154,46,p301,72.8619,40.7949,62.55448189122268,52.980233200406566,0.44413350470325924,0.9529330488404757,979.0,945.0,1,1
155,46,v330,66.0684,46.5515,56.97648343254844,43.26677741999711,1.0862,1.0286876098993893,974.0,963.0,2,1
156,47,v57,29.2302,17.2828,93.62978289161063,57.546348393348765,3.6498,4.435580395933175,1004.0,972.0,2,1
157,47,p239,54.8056,28.6649,37.80478683250495,39.790881762563174,1.600048711758489,1.2062610518055539,1005.0,972.0,1,1
158,47,p240,54.6402,29.3018,36.95599170152536,38.530443856715955,1.3382498907154823,1.1917212083207913,1006.0,975.0,1,1
159,48,v84,71.0383,48.0915,25.772400750375724,21.491618239952224,0.2144,1.9426590637147885,1023.0,960.0,2,1
160,48,p215,49.7589,40.7404,57.792494463256,25.607740755824906,1.2865708297641447,1.2822313655748132,1016.0,997.0,1,0
161,48,p216,48.5165,40.8072,57.562957144491506,23.831344130935012,1.243298556260724,1.2336425786793104,1020.0,997.0,1,0
162,49,v87,73.87899999999999,49.201,25.697320821193124,21.75014959027753,1.9254,2.3395371795910807,1067.0,1014.0,2,1
163,49,p247,49.1138,27.607,41.100643879534786,41.37823216803639,0.947375115780439,1.4054586054929177,1058.0,1034.0,1,1
164,49,p248,49.1312,28.3101,41.80517817594764,42.22046477085934,0.8207751092717177,1.3969119249508213,1058.0,1037.0,1,1
165,49,p251,42.2895,21.3998,45.438599168960884,44.699247327983734,2.1786972185230327,1.67332663518316,1060.0,1037.0,1,0
166,49,p252,42.4151,22.4572,50.810612535481326,44.800283972576004,1.6450358202786952,1.7630447427858646,1064.0,1041.0,1,0
167,50,v58,28.2125,17.2088,80.92159810649639,50.593913985968314,4.1025,3.3585970812793327,1062.0,1020.0,2,1
168,50,p339,75.4792,54.7293,84.53364850322244,43.23944687059411,1.2220473026851293,1.155277758707242,1063.0,1046.0,1,0
169,51,v89,79.9218,52.9073,19.079450811193894,17.40475299582271,4.9873,4.554470332785757,1110.0,1075.0,2,1
170,51,p314,62.2947,36.9405,55.02109633778214,48.72833870619374,1.577200076084198,1.3892342304186556,1087.0,1074.0,1,0
171,51,p343,59.4955,44.8041,66.93480568329585,32.327133836267855,0.63967174394372,1.0042370704814318,1103.0,1075.0,1,1
172,52,v61,26.9933,16.0174,81.75820335470004,50.6844002009472,5.5662,3.928288696409035,1148.0,1105.0,2,1
173,52,v62,28.2703,16.7137,84.01489860933859,51.58604255532989,5.3603,3.930716901601894,1153.0,1110.0,2,1
174,52,p261,55.775,35.8488,47.115443725383024,45.66587618471807,1.568557458303648,1.3942810266937178,1132.0,1120.0,1,0
175,52,p262,56.0682,36.6817,51.54073950225068,43.587965601958096,1.6395257667996561,1.6332861526331512,1125.0,1121.0,1,0
176,53,v64,29.9987,17.9436,83.00698253779808,51.27143527034909,1.9357,2.9895475005376535,1171.0,1123.0,2,1
177,53,p221,38.7394,34.6058,45.94825297413104,14.49751964749133,1.2341461542297167,1.5477355813850837,1155.0,1130.0,1,1
178,54,v65,17.9994,7.8073,82.07539019812556,51.113711859820945,5.7964,4.975885706355134,1177.0,1144.0,2,1
179,54,p317,66.2186,36.4838,65.14260770428791,54.87736676832019,0.7923043417778297,1.2611688944092907,1186.0,1161.0,1,1
180,55,v90,75.736,49.7207,18.906038655934097,16.853371337359526,4.0355,3.551410320891749,1127.0,1083.0,2,1
181,55,p344,57.4153,42.7911,61.32414857274546,30.837639214711515,0.8291097936944178,0.9122492285722856,1128.0,1106.0,1,1
182,56,v59,23.0711,12.6614,83.10767279390049,51.68345757820878,4.1558,3.9274627866430682,1110.0,1071.0,2,1
183,56,p340,57.6628,43.6104,66.4228855428768,30.571710122861816,0.9874926835171995,0.9929782597548344,1094.0,1071.0,1,1
184,56,p343,59.4955,44.8041,66.93480568329585,32.327133836267855,0.63967174394372,1.0042370704814318,1103.0,1075.0,1,1
185,57,v91,75.5565,50.0972,21.609384961705736,18.56838344863401,0.9456,2.2243835865168875,1157.0,1093.0,2,1
186,57,p260,56.1623,35.5627,52.04935810913525,43.770796900087205,1.092949221144331,1.3268399205344237,1119.0,1113.0,1,0
187,57,p344,57.4153,42.7911,61.32414857274546,30.837639214711515,0.8291097936944178,0.9122492285722856,1128.0,1106.0,1,1
188,58,v78,67.8532,45.5063,21.576662665015967,19.28358373904389,2.4666,2.824270809739384,883.0,841.0,2,1
189,58,p294,64.516,36.0992,55.89587713668856,49.42213718287886,0.6811496531600086,1.109093022231142,864.0,822.0,1,1
190,58,p326,58.9668,44.8667,66.89958220023189,30.46440017964604,0.7627347900810608,1.151832528582132,873.0,847.0,1,1
191,58,p328,57.7143,44.2127,66.06622678865841,29.70830550151782,0.7979026319044198,1.0773797581383262,874.0,846.0,1,1
192,59,v85,71.8303,47.9783,23.723108999302227,20.18215253277681,1.0488,3.2956095954813796,1030.0,998.0,2,1
193,59,p217,45.1574,38.4151,41.79505214955284,16.846368807817473,1.2138868645800565,1.466327272365575,1059.0,1003.0,1,1
194,59,p218,44.7376,38.0247,41.99080371805845,17.536638835176255,1.2865719295865272,1.3216769102136525,1059.0,1005.0,1,1
195,60,v57,29.2302,17.2828,93.62978289161063,57.546348393348765,3.6498,4.435580395933175,1004.0,972.0,2,1
196,60,p304,68.60600000000001,39.2625,53.31627839877398,47.19514826198244,1.7821700480032763,1.5162943386781202,1002.0,983.0,1,0
197,60,p305,63.4838,35.0243,54.5472562943431,47.80584627870928,0.9440102382919371,0.9556643895569974,1007.0,982.0,1,1
198,61,v89,79.9218,52.9073,19.079450811193894,17.40475299582271,4.9873,4.554470332785757,1110.0,1075.0,2,1
199,61,p343,59.4955,44.8041,66.93480568329585,32.327133836267855,0.63967174394372,1.0042370704814318,1103.0,1075.0,1,1
200,62,v87,73.87899999999999,49.201,25.697320821193124,21.75014959027753,1.9254,2.3395371795910807,1067.0,1014.0,2,1
201,62,p217,45.1574,38.4151,41.79505214955284,16.846368807817473,1.2138868645800565,1.466327272365575,1059.0,1003.0,1,1
202,62,p218,44.7376,38.0247,41.99080371805845,17.536638835176255,1.2865719295865272,1.3216769102136525,1059.0,1005.0,1,1
203,63,v116,75.4476,50.263000000000005,19.821172197319445,17.68804471596619,3.0747,3.0273524586439438,1228.0,1181.0,2,1
204,63,p273,55.6667,36.5281,50.08369287147649,44.35481171760842,1.3925795955707523,1.3261851007498726,1202.0,1195.0,1,0
205,63,p464,57.8248,43.3894,72.04533765078071,34.625927129227634,0.7431585631613216,0.9431652659679441,1224.0,1197.0,1,1
206,64,v119,77.9733,51.7028,20.12880863576207,17.87394561970731,4.5707,6.2736389789523255,1247.0,1227.0,2,1
207,64,p467,66.6604,48.383,80.44386926590472,39.74647581753917,0.24285067428360171,1.1090966018594282,1254.0,1215.0,1,1
208,65,v121,64.7638,43.836000000000006,18.392330502254822,16.479864531837745,2.1533,4.3960308391165315,1300.0,1277.0,2,1
209,65,p349,50.2852,40.9671,57.094651507938856,25.314893745573713,0.9458310737124257,1.3515493005281531,1295.0,1273.0,1,1
210,65,p350,49.216,40.5503,57.23516977034243,24.7101846252811,0.8001877092282785,1.3128921979923425,1296.0,1273.0,1,1
211,66,v122,74.8944,50.1147,21.13126359259885,18.45123179639577,5.3485,5.269218083513932,1311.0,1288.0,2,1
212,66,p386,55.7301,36.8915,50.79509042815197,43.602912915956736,1.6516807258062922,1.6606410921440435,1297.0,1293.0,1,0
213,67,v96,24.4023,13.1663,82.232704293734,50.40307803366256,2.7897,2.5057999584581423,1371.0,1299.0,2,1
214,67,p388,54.95,30.6837,47.11288218525838,45.628366039984,1.1466958663917823,1.420868228980986,1331.0,1313.0,1,0
215,68,v96,24.4023,13.1663,82.232704293734,50.40307803366256,2.7897,2.5057999584581423,1371.0,1299.0,2,1
216,68,p393,54.1188,30.8022,49.06347264857626,46.363766279719485,1.0089636861651663,1.2509472124443637,1369.0,1351.0,1,1
217,69,v308,41.5872,27.0289,66.45694349284182,41.08798826791924,0.1151,1.341910655933884,1377.0,1330.0,2,1
218,69,p394,54.3139,29.7042,47.96655296577878,46.30112162492045,1.3732851779583148,1.2847948185316942,1386.0,1366.0,1,1
219,70,v126,72.1115,48.4178,19.624698864727165,17.560770773004837,2.8582,3.8462309477324723,1400.0,1364.0,2,1
220,70,v127,77.8623,51.5443,22.787662177876324,19.600478302805453,3.2213,2.336304518884647,1427.0,1366.0,2,1
221,70,p469,60.1541,46.4442,71.01642001814186,33.55437391823863,0.48226234561698883,1.3325358907925409,1385.0,1359.0,1,1
222,70,p470,59.5283,44.7119,71.36048859458919,32.952254211247926,0.5137385035210034,1.4250627501489588,1383.0,1359.0,1,1
223,71,v97,27.7073,15.9826,81.4233913507116,49.760839331241435,3.4641,1.5856504361965813,1423.0,1315.0,2,1
224,71,v98,32.9259,20.3547,79.77657842527239,50.74990700845004,0.4499,1.7143221068777112,1427.0,1361.0,2,1
225,71,p353,42.0348,34.4722,61.16872271245833,33.8227987127612,1.2106990542657579,1.30722437500935,1384.0,1360.0,1,0
226,71,p354,48.8709,40.8909,57.40429728713417,25.247496665677154,0.8767030968349547,1.0637814768699214,1393.0,1369.0,1,0
227,71,p355,48.2353,40.888000000000005,56.887103742235304,24.805532028280354,0.9198512271014264,1.148052512673729,1392.0,1369.0,1,0
228,71,p394,54.3139,29.7042,47.96655296577878,46.30112162492045,1.3732851779583148,1.2847948185316942,1386.0,1366.0,1,1
229,72,v127,77.8623,51.5443,22.787662177876324,19.600478302805453,3.2213,2.336304518884647,1427.0,1366.0,2,1
230,72,p396,56.0698,36.5104,49.62523634752858,44.5631932159089,1.2047498329528832,1.186330628044662,1401.0,1392.0,1,0
231,73,v128,73.7418,49.6576,20.874981739236276,18.37846139066399,1.7279,2.2777434975818704,1450.0,1387.0,2,1
232,73,v129,73.7102,49.2089,19.352376209787113,17.00740598063046,1.2777,2.444026671634266,1454.0,1394.0,2,1
233,73,p437,66.3427,35.9467,54.35126682035742,48.357689734324104,0.8251408122254044,1.0352128380652459,1416.0,1356.0,1,1
234,74,v99,19.8744,10.0174,80.11041221122649,51.10070662655387,7.0533,3.795471157535624,1438.0,1385.0,2,1
235,74,p439,67.0666,36.429,59.6877908709849,53.07137031517989,1.3136505509457224,1.4025837878451413,1443.0,1424.0,1,0
236,74,p471,64.9671,47.6243,64.11544026136757,30.016538519563888,1.161645199706003,1.109072409844561,1433.0,1402.0,1,1
237,74,p472,64.9269,48.3125,62.56988556940835,31.493385842675476,1.2450640867039737,1.10866559711979,1431.0,1401.0,1,1
238,75,v128,73.7418,49.6576,20.874981739236276,18.37846139066399,1.7279,2.2777434975818704,1450.0,1387.0,2,1
239,75,v129,73.7102,49.2089,19.352376209787113,17.00740598063046,1.2777,2.444026671634266,1454.0,1394.0,2,1
240,75,p399,49.0496,26.0474,48.58937120108957,45.43979252270768,1.3450301595131613,1.4510340588903115,1444.0,1424.0,1,0
241,75,p400,43.2791,24.1007,45.96379184050646,44.27400291688647,0.8595489805706247,1.2946836496307816,1446.0,1404.0,1,1
242,76,v101,18.3789,8.1624,80.41547173172226,51.25876738350483,5.6123,3.968366749861756,1479.0,1432.0,2,1
243,76,p473,57.9934,43.9421,66.69887275723777,30.230492796852538,0.8092586545721955,1.2305647631653844,1467.0,1442.0,1,1
244,77,v104,25.5268,14.7639,80.75254836485308,49.57375506119763,2.0301,2.3539096650767037,1516.0,1459.0,2,1
245,77,p401,36.4552,17.2879,23.015466730413888,29.074704067804277,0.9018071911445373,1.2196254463311882,1479.0,1457.0,1,0
246,78,v103,28.5589,16.6865,83.98891683945895,52.95902334233962,3.7428,3.095758778630835,1498.0,1453.0,2,1
247,78,p402,54.6709,30.9852,48.34429764884631,46.59684893795038,2.0340374283675313,1.7331880326918119,1482.0,1468.0,1,0
248,79,v104,25.5268,14.7639,80.75254836485308,49.57375506119763,2.0301,2.3539096650767037,1516.0,1459.0,2,1
249,79,p361,49.0231,40.9819,57.58570167315451,26.011817349144728,1.0745990973381654,1.3402365182043008,1494.0,1476.0,1,0
250,79,p362,48.3695,40.2719,57.113472922573855,24.68831933728128,1.1278892897798083,1.3388268539290178,1495.0,1476.0,1,0
251,80,v106,25.4267,14.2809,78.18579715344711,48.82542281833986,5.6378,3.543746474760816,1546.0,1495.0,2,1
252,80,p445,69.2499,37.8133,57.888874358281434,52.05451772017387,1.077781072389008,1.3052307208717377,1538.0,1479.0,1,1
253,81,v313,73.8993,51.6386,30.87079152847434,28.775703661488002,0.7707,2.518877665866561,1557.0,1518.0,2,1
254,81,p445,69.2499,37.8133,57.888874358281434,52.05451772017387,1.077781072389008,1.3052307208717377,1538.0,1479.0,1,1
255,82,v131,75.0726,50.5647,18.456367888684778,16.602967079993668,3.0009,3.6629033215404947,1567.0,1528.0,2,1
256,82,v132,75.1411,50.6401,16.13871632317919,14.93072420386838,0.9129999999999999,3.959907448838705,1572.0,1537.0,2,1
257,82,v133,75.4929,50.5556,15.65119625913509,14.351518400276785,2.401,4.781103167240509,1576.0,1546.0,2,1
258,82,v134,76.6971,51.3735,21.477632007906365,18.633593232443395,2.3612,4.200547291704719,1583.0,1552.0,2,1
259,82,p363,50.2115,40.1924,57.366603573512414,24.098269510372443,1.1831818541542969,1.4558754892895935,1565.0,1548.0,1,0
260,83,v109,23.2836,12.5892,84.08418597505643,54.59895446183468,4.4855,3.8108097708088366,1630.0,1590.0,2,1
261,83,p364,51.3277,40.6984,55.78122452194246,23.96306232694315,0.6866612847685531,1.1173270759574576,1613.0,1568.0,1,1
262,83,p365,52.2894,40.389,56.42477841729582,24.581793742731403,0.7623395568904974,1.165688628359975,1613.0,1593.0,1,1
263,83,p366,54.0081,39.1549,58.21091636688901,30.756538574815224,1.1680869916234835,1.2369190853144496,1603.0,1596.0,1,0
264,84,v302,41.2822,23.5805,91.45957015901455,56.372495148242464,1.3015,2.3296104712673786,1858.0,1805.0,2,1
265,84,p630,66.7154,48.6842,66.81677380065251,31.88619104665353,0.9588457227312431,0.9639011743343283,1845.0,1812.0,1,1
266,84,p631,65.8462,49.0141,68.18253774319523,32.40655417977409,0.5968455160257132,1.0392771413440776,1847.0,1813.0,1,1
267,85,v138,73.2128,48.3992,20.56607160881665,18.056996169350196,4.2838,4.498363191209238,1691.0,1663.0,2,1
268,85,p415,56.1112,35.6348,47.71083435156688,45.43936105640481,0.8823208090031652,1.2095837722861496,1681.0,1668.0,1,1
269,85,p416,56.2974,36.3712,49.28622864192874,44.26619949410402,0.7312233037861964,1.3331489551995424,1678.0,1669.0,1,1
270,85,p417,55.448,35.3025,46.58240255134304,45.47174495248732,1.5900885321264346,1.5640834034604751,1682.0,1671.0,1,0
271,86,v111,24.1111,13.239,78.76087021687604,49.1048878613755,4.3602,3.0084623428698127,1699.0,1643.0,2,1
272,86,p375,53.2908,39.938,58.71034124918805,29.959411720801327,0.8706125889280489,1.0431085444398838,1674.0,1661.0,1,1
273,86,p376,52.4116,40.8343,56.321526721336056,25.800680420407133,0.8894164210312288,1.2109447078234163,1676.0,1659.0,1,1
274,86,p415,56.1112,35.6348,47.71083435156688,45.43936105640481,0.8823208090031652,1.2095837722861496,1681.0,1668.0,1,1
275,86,p416,56.2974,36.3712,49.28622864192874,44.26619949410402,0.7312233037861964,1.3331489551995424,1678.0,1669.0,1,1
276,86,p417,55.448,35.3025,46.58240255134304,45.47174495248732,1.5900885321264346,1.5640834034604751,1682.0,1671.0,1,0
277,87,v104,25.5268,14.7639,80.75254836485308,49.57375506119763,2.0301,2.3539096650767037,1516.0,1459.0,2,1
278,87,p445,69.2499,37.8133,57.888874358281434,52.05451772017387,1.077781072389008,1.3052307208717377,1538.0,1479.0,1,1
279,88,v94,24.6522,13.6868,80.25685288288616,50.18276663784117,5.3177,4.6245390105600865,1312.0,1282.0,2,1
280,88,p387,43.0961,24.545,44.4700131436217,42.94481902415963,0.5173136959331349,1.346655661545034,1313.0,1290.0,1,1
281,89,v96,24.4023,13.1663,82.232704293734,50.40307803366256,2.7897,2.5057999584581423,1371.0,1299.0,2,1
282,89,p388,54.95,30.6837,47.11288218525838,45.628366039984,1.1466958663917823,1.420868228980986,1331.0,1313.0,1,0
283,90,v109,23.2836,12.5892,84.08418597505643,54.59895446183468,4.4855,3.8108097708088366,1630.0,1590.0,2,1
284,90,p476,56.8213,39.7775,68.45708022943916,32.447706393576425,0.9387492370170002,1.0366149503280238,1620.0,1603.0,1,0
285,90,p477,56.9694,40.0969,68.90685505143543,32.90345623701664,1.0456496784296354,1.0615082713748143,1620.0,1603.0,1,0
286,91,v121,64.7638,43.836000000000006,18.392330502254822,16.479864531837745,2.1533,4.3960308391165315,1300.0,1277.0,2,1
287,91,p349,50.2852,40.9671,57.094651507938856,25.314893745573713,0.9458310737124257,1.3515493005281531,1295.0,1273.0,1,1
288,91,p350,49.216,40.5503,57.23516977034243,24.7101846252811,0.8001877092282785,1.3128921979923425,1296.0,1273.0,1,1
289,92,v100,21.2162,10.7557,79.91147328639819,50.899234600634394,6.6512,5.136736423370239,1462.0,1430.0,2,1
290,92,p473,57.9934,43.9421,66.69887275723777,30.230492796852538,0.8092586545721955,1.2305647631653844,1467.0,1442.0,1,1
291,93,v140,72.961,49.1198,20.59057085413865,18.237443843883824,1.7280000000000002,2.0936482551773006,1748.0,1676.0,2,1
292,93,p478,63.8591,47.0444,74.98414507231008,34.80273709330618,0.21474170531128786,1.308894902747107,1702.0,1677.0,1,1
293,94,v112,23.0677,12.3912,77.79942680856674,49.30425851070473,4.7849,3.457626273959156,1733.0,1679.0,2,1
294,94,p458,74.6752,39.1469,60.25147125821435,49.710020524300056,1.225560116844539,1.1472184453329588,1733.0,1691.0,1,1
295,95,p481,50.2157,40.7258,57.05193172372704,25.08374265907799,1.5481692478537352,1.6008088034158314,1826.0,1811.0,1,0
296,95,p482,49.4333,41.0137,56.832068750556864,24.23191162320038,1.4539648723404566,1.646387653616084,1827.0,1811.0,1,0
297,95,p553,53.5831,27.3214,48.137470279634954,45.95270298920609,1.1250813526141121,1.189466268831418,1823.0,1785.0,1,1
298,95,p554,53.025,26.7615,47.57552518951195,44.948000532752246,1.0734847181026845,1.1835697401785958,1822.0,1785.0,1,1
299,95,p555,52.3989,29.9337,51.7910663944816,44.773010753770855,1.680033466928561,1.4036413338774323,1816.0,1797.0,1,1
300,96,v10,24.8033,13.3007,89.49040277416026,57.339398403977924,4.6513,2.9390518605306086,451.0,383.0,2,1
301,96,v34,85.4252,56.4249,23.4562252042237,20.36801714005049,1.1322,2.4489787812312374,449.0,377.0,2,1
302,96,p119,63.358000000000004,34.9801,54.800922984020055,49.48029096205076,1.0308475396488075,1.189924380547218,441.0,421.0,1,0
303,96,p120,63.6965,35.1697,56.77582457295469,50.27723564792739,0.9304697415821752,1.3498779546435382,438.0,421.0,1,0
304,97,v40,36.5612,23.3585,81.79755510441906,50.29470682728359,0.1431,1.725115698949378,652.0,582.0,2,1
305,97,v68,82.7697,54.2524,17.843261332842065,15.759612437509116,1.2321,2.365795782134314,692.0,624.0,2,1
306,97,p280,72.7077,41.7774,59.710468656472074,50.35974367747777,0.4029736591887862,1.0965866123211059,648.0,617.0,1,1
307,97,p281,72.363,40.4931,59.26498500348583,48.88365203567288,0.7816495378364909,1.2095574491170589,649.0,621.0,1,1
308,97,p282,72.9724,42.2886,60.33767636147578,50.4529693257426,0.34603163150209254,1.2320324103228621,648.0,621.0,1,1
309,97,p283,71.1745,41.1719,58.89099301319425,49.579146942498085,0.4636232630056434,1.2324683548604678,648.0,626.0,1,1
310,98,v40,36.5612,23.3585,81.79755510441906,50.29470682728359,0.1431,1.725115698949378,652.0,582.0,2,1
311,98,v67,68.2758,45.9802,17.286801798482482,15.83318007801763,4.0924,6.465281970250823,648.0,632.0,2,1
312,98,p321,58.2981,44.7903,59.52645109990588,30.684049532153193,0.6588810211259694,1.1129154667169998,660.0,632.0,1,1
313,99,v45,23.7083,12.2298,83.98845486046022,52.03330806274851,2.3077,2.0927612571116976,757.0,677.0,2,1
314,99,v68,82.7697,54.2524,17.843261332842065,15.759612437509116,1.2321,2.365795782134314,692.0,624.0,2,1
315,99,p171,29.3741,28.2459,35.765975692076964,6.756203880930347,0.9381553069721451,1.3502308247556096,691.0,665.0,1,0
316,99,p228,31.0093,13.5491,28.484870058546566,32.89898457307395,2.128193752927585,1.5990508837138386,689.0,668.0,1,0
317,100,v80,68.8587,46.0106,24.893780531887934,20.753963346125875,2.6719,3.592673515129609,913.0,887.0,2,1
318,100,p209,43.078,34.2278,37.17808606021605,14.260136052560519,0.5797047869390074,1.489822495552044,953.0,896.0,1,1
319,100,v301,37.4384,21.8351,91.89557355626407,56.490630703989815,0.4321,2.752431671600109,942.0,894.0,2,1
320,101,v93,16.3661,6.678999999999999,81.99036200965166,50.831304253602305,2.9181,3.984229573342237,1306.0,1266.0,2,1
321,101,v121,64.7638,43.836000000000006,18.392330502254822,16.479864531837745,2.1533,4.3960308391165315,1300.0,1277.0,2,1
322,101,p349,50.2852,40.9671,57.094651507938856,25.314893745573713,0.9458310737124257,1.3515493005281531,1295.0,1273.0,1,1
323,101,p350,49.216,40.5503,57.23516977034243,24.7101846252811,0.8001877092282785,1.3128921979923425,1296.0,1273.0,1,1
324,102,v97,27.7073,15.9826,81.4233913507116,49.760839331241435,3.4641,1.5856504361965813,1423.0,1315.0,2,1
325,102,v127,77.8623,51.5443,22.787662177876324,19.600478302805453,3.2213,2.336304518884647,1427.0,1366.0,2,1
326,102,v128,73.7418,49.6576,20.874981739236276,18.37846139066399,1.7279,2.2777434975818704,1450.0,1387.0,2,1
327,102,p437,66.3427,35.9467,54.35126682035742,48.357689734324104,0.8251408122254044,1.0352128380652459,1416.0,1356.0,1,1
328,102,p438,64.4636,36.6022,53.64822098940667,47.33974269043068,0.5452915550418876,1.020981333880686,1417.0,1361.0,1,1
329,103,v199,25.2491,14.1907,76.38108771823445,47.5660716148094,5.7991,3.2624989287314192,2547.0,2492.0,2,1
330,103,v229,70.8708,47.6306,11.443751546339996,11.13068382876914,1.6784,2.3150592758641864,2555.0,2487.0,2,1
331,103,p688,50.8288,40.8924,59.24664452365444,30.79324574583745,1.1071784409028202,1.463758388878693,2522.0,2511.0,1,0
332,103,p761,55.2121,37.0616,50.13826432200227,45.24848621693891,2.590133467603552,2.40557281762196,2514.0,2510.0,1,0
333,103,p762,54.7702,37.1323,49.19379037424638,45.70884890948187,2.815066686599094,2.680660732283026,2515.0,2511.0,1,0
334,104,v212,28.3749,16.9067,72.99783995599306,45.939053396856714,2.5632,2.190764035706694,2867.0,2815.0,2,1
335,104,v243,65.6704,44.7892,16.855748643308054,15.283450795628724,2.3784,3.07736304200266,2904.0,2861.0,2,1
336,104,p867,67.1421,36.7967,54.278186241573806,48.900983784683845,0.7374184836305637,1.124068434083703,2893.0,2853.0,1,1
